Year,Quarter,Region,Product,Low,High,Average
1976,Q4,Statewide,Pine Sawtimber,8.13,17.33,12.80
1977,Q1,Statewide,Pine Sawtimber,7.78,16.00,11.56
1977,Q2,Statewide,Pine Sawtimber,9.16,17.56,14.36
1977,Q3,Statewide,Pine Sawtimber,11.78,19.02,16.53
1977,Q4,Statewide,Pine Sawtimber,11.11,19.42,16.76
1978,Q1,Statewide,Pine Sawtimber,11.20,19.69,17.64
1978,Q2,Statewide,Pine Sawtimber,12.22,20.67,19.11
1978,Q3,Statewide,Pine Sawtimber,14.76,22.80,19.73
1978,Q4,Statewide,Pine Sawtimber,15.47,24.22,21.56
1979,Q1,Statewide,Pine Sawtimber,16.89,26.67,23.07
1979,Q2,Statewide,Pine Sawtimber,16.00,27.11,22.00
1979,Q3,Statewide,Pine Sawtimber,13.96,25.56,21.47
1979,Q4,Statewide,Pine Sawtimber,16.44,28.98,24.22
1980,Q1,Statewide,Pine Sawtimber,17.24,27.73,22.76
1980,Q2,Statewide,Pine Sawtimber,16.13,22.53,19.69
1980,Q3,Statewide,Pine Sawtimber,13.38,22.31,18.22
1980,Q4,Statewide,Pine Sawtimber,12.53,21.29,18.58
1981,Q1,Statewide,Pine Sawtimber,13.11,20.76,19.02
1981,Q2,Statewide,Pine Sawtimber,18.22,24.98,23.38
1981,Q3,Statewide,Pine Sawtimber,20.00,27.33,24.31
1981,Q4,Statewide,Pine Sawtimber,19.96,27.87,24.93
1982,Q1,Statewide,Pine Sawtimber,17.69,22.93,20.27
1982,Q2,Statewide,Pine Sawtimber,10.67,21.60,18.22
1982,Q3,Statewide,Pine Sawtimber,12.76,20.00,17.24
1982,Q4,Statewide,Pine Sawtimber,13.82,17.78,15.78
1983,Q1,Statewide,Pine Sawtimber,14.31,19.56,17.51
1983,Q2,Statewide,Pine Sawtimber,18.67,22.76,21.07
1983,Q3,Statewide,Pine Sawtimber,20.13,24.58,22.40
1983,Q4,Statewide,Pine Sawtimber,16.71,22.76,20.13
1984,Q1,Statewide,Pine Sawtimber,15.73,23.29,20.00
1984,Q2,Statewide,Pine Sawtimber,17.78,23.07,20.84
1984,Q3,Statewide,Pine Sawtimber,16.40,20.76,18.44
1984,Q4,Statewide,Pine Sawtimber,15.11,20.58,17.64
1985,Q1,Statewide,Pine Sawtimber,18.22,21.96,20.18
1985,Q2,Statewide,Pine Sawtimber,12.71,16.22,14.49
1985,Q3,Statewide,Pine Sawtimber,12.04,18.53,15.29
1985,Q4,Statewide,Pine Sawtimber,14.89,18.22,16.98
1986,Q1,Statewide,Pine Sawtimber,15.87,20.00,18.09
1986,Q2,Statewide,Pine Sawtimber,13.56,17.56,16.04
1986,Q3,Statewide,Pine Sawtimber,10.40,15.56,13.07
1986,Q4,Statewide,Pine Sawtimber,9.47,16.13,12.53
1987,Q1,Statewide,Pine Sawtimber,11.38,18.04,14.84
1987,Q2,Statewide,Pine Sawtimber,10.71,16.53,14.09
1987,Q3,Statewide,Pine Sawtimber,13.11,17.51,15.56
1987,Q4,Statewide,Pine Sawtimber,14.22,18.98,16.53
1988,Q1,Statewide,Pine Sawtimber,16.40,22.80,19.60
1988,Q2,Statewide,Pine Sawtimber,13.87,17.60,15.60
1988,Q3,Statewide,Pine Sawtimber,14.67,18.27,16.53
1988,Q4,Statewide,Pine Sawtimber,16.53,19.73,18.13
1989,Q1,Statewide,Pine Sawtimber,16.53,21.73,19.73
1989,Q2,Statewide,Pine Sawtimber,16.27,20.27,18.00
1989,Q3,Statewide,Pine Sawtimber,19.20,21.73,20.53
1989,Q4,Statewide,Pine Sawtimber,18.67,27.20,22.93
1990,Q1,Statewide,Pine Sawtimber,18.27,23.87,20.93
1990,Q2,Statewide,Pine Sawtimber,17.33,22.13,19.87
1990,Q3,Statewide,Pine Sawtimber,16.93,20.53,18.80
1990,Q4,Statewide,Pine Sawtimber,16.67,22.93,19.73
1991,Q1,Statewide,Pine Sawtimber,16.27,22.27,19.33
1991,Q2,Statewide,Pine Sawtimber,18.40,19.47,19.07
1991,Q3,Statewide,Pine Sawtimber,19.20,21.60,20.40
1991,Q4,Statewide,Pine Sawtimber,19.07,23.73,21.47
1992,Q1,Statewide,Pine Sawtimber,19.73,26.40,23.07
1992,Q2,Statewide,Pine Sawtimber,20.93,29.47,25.20
1992,Q3,Statewide,Pine Sawtimber,23.07,24.40,23.73
1992,Q4,Statewide,Pine Sawtimber,22.00,31.47,26.67
1993,Q1,Statewide,Pine Sawtimber,25.20,37.60,31.33
1993,Q2,Statewide,Pine Sawtimber,25.33,34.40,29.87
1993,Q3,Statewide,Pine Sawtimber,21.73,28.40,25.07
1993,Q4,Statewide,Pine Sawtimber,32.53,43.87,38.13
1994,Q1,Statewide,Pine Sawtimber,33.60,51.33,42.53
1994,Q2,Statewide,Pine Sawtimber,31.20,48.53,39.87
1994,Q3,Statewide,Pine Sawtimber,34.13,51.33,42.67
1994,Q4,Statewide,Pine Sawtimber,34.13,50.13,42.13
1995,Q1,Statewide,Pine Sawtimber,38.93,49.33,44.13
1995,Q2,Statewide,Pine Sawtimber,43.07,59.20,51.20
1995,Q3,Statewide,Pine Sawtimber,35.87,43.87,39.87
1995,Q4,Statewide,Pine Sawtimber,34.13,43.33,38.67
1996,Q1,Statewide,Pine Sawtimber,27.73,42.67,35.20
1996,Q2,Statewide,Pine Sawtimber,28.67,35.47,32.00
1996,Q3,Statewide,Pine Sawtimber,27.47,43.60,35.60
1996,Q4,Statewide,Pine Sawtimber,37.65,45.55,41.60
1997,Q1,Statewide,Pine Sawtimber,40.10,54.75,47.43
1997,Q2,Statewide,Pine Sawtimber,36.85,47.70,42.28
1997,Q3,Statewide,Pine Sawtimber,39.10,54.55,46.83
1997,Q4,Statewide,Pine Sawtimber,36.85,58.75,47.80
1998,Q1,Statewide,Pine Sawtimber,50.40,62.25,56.33
1998,Q2,Statewide,Pine Sawtimber,38.00,50.55,44.28
1998,Q3,Statewide,Pine Sawtimber,37.65,48.15,42.90
1998,Q4,Statewide,Pine Sawtimber,41.60,53.45,47.53
1999,Q1,Statewide,Pine Sawtimber,40.30,54.70,47.50
1999,Q2,Statewide,Pine Sawtimber,40.13,51.33,45.73
1999,Q3,Statewide,Pine Sawtimber,42.27,57.87,50.13
1999,Q4,Statewide,Pine Sawtimber,43.33,56.27,49.73
2000,Q1,Statewide,Pine Sawtimber,43.07,61.87,52.53
2000,Q2,Statewide,Pine Sawtimber,40.40,54.40,47.47
2000,Q3,Statewide,Pine Sawtimber,39.33,51.33,45.33
2000,Q4,Statewide,Pine Sawtimber,36.40,43.33,39.87
2001,Q1,Statewide,Pine Sawtimber,36.93,48.27,42.67
2001,Q2,Statewide,Pine Sawtimber,35.07,44.53,39.87
2001,Q3,Statewide,Pine Sawtimber,35.73,44.67,40.27
2001,Q4,Statewide,Pine Sawtimber,38.80,48.13,43.47
2002,Q1,Statewide,Pine Sawtimber,38.93,50.67,44.80
2002,Q2,Statewide,Pine Sawtimber,39.33,50.13,44.67
2002,Q3,Statewide,Pine Sawtimber,37.87,46.00,42.00
2002,Q4,Statewide,Pine Sawtimber,39.73,54.27,47.07
2003,Q1,Statewide,Pine Sawtimber,40.38,51.33,45.85
2003,Q2,Statewide,Pine Sawtimber,37.06,45.64,41.35
2003,Q3,Statewide,Pine Sawtimber,35.07,48.14,41.61
2003,Q4,Statewide,Pine Sawtimber,40.74,55.52,48.13
2004,Q1,Statewide,Pine Sawtimber,39.07,58.69,48.88
2004,Q2,Statewide,Pine Sawtimber,36.32,48.99,42.65
2004,Q3,Statewide,Pine Sawtimber,38.89,53.50,46.19
2004,Q4,Statewide,Pine Sawtimber,40.94,55.60,48.27
2005,Q1,Statewide,Pine Sawtimber,39.37,56.19,47.78
2005,Q2,Statewide,Pine Sawtimber,40.22,48.40,44.31
2005,Q3,Statewide,Pine Sawtimber,37.61,45.35,41.48
2005,Q4,Statewide,Pine Sawtimber,36.66,44.39,40.52
2006,Q1,Statewide,Pine Sawtimber,38.44,55.09,46.76
2006,Q2,Statewide,Pine Sawtimber,34.93,43.49,39.21
2006,Q3,Statewide,Pine Sawtimber,35.11,44.76,39.93
2006,Q4,Statewide,Pine Sawtimber,35.45,42.97,39.21
2007,Q1,Statewide,Pine Sawtimber,35.40,46.49,40.94
2007,Q2,Statewide,Pine Sawtimber,32.77,42.58,37.67
2007,Q3,Statewide,Pine Sawtimber,34.40,42.39,38.39
2007,Q4,Statewide,Pine Sawtimber,32.78,41.32,37.05
2008,Q1,Statewide,Pine Sawtimber,30.48,39.98,35.23
2008,Q2,Statewide,Pine Sawtimber,26.69,37.57,32.13
2008,Q3,Statewide,Pine Sawtimber,27.80,38.99,33.39
2008,Q4,Statewide,Pine Sawtimber,28.50,38.21,33.36
2009,Q1,Statewide,Pine Sawtimber,27.59,35.39,31.49
2009,Q2,Statewide,Pine Sawtimber,25.29,35.94,30.61
2009,Q3,Statewide,Pine Sawtimber,24.38,30.32,27.35
2009,Q4,Statewide,Pine Sawtimber,26.40,33.69,30.05
2010,Q1,Statewide,Pine Sawtimber,24.86,37.13,31.00
2010,Q2,Statewide,Pine Sawtimber,28.16,53.51,40.84
2010,Q3,Statewide,Pine Sawtimber,23.00,37.35,30.18
2010,Q4,Statewide,Pine Sawtimber,22.41,32.70,27.55
2011,Q1,Statewide,Pine Sawtimber,21.04,28.70,24.87
2011,Q2,Statewide,Pine Sawtimber,18.43,26.55,22.49
2011,Q3,Statewide,Pine Sawtimber,18.33,24.77,21.55
2011,Q4,Statewide,Pine Sawtimber,20.59,31.03,25.81
2012,Q1,Statewide,Pine Sawtimber,20.00,28.58,24.29
2012,Q2,Statewide,Pine Sawtimber,19.63,25.80,22.72
2012,Q3,Statewide,Pine Sawtimber,19.63,23.71,21.67
2012,Q4,Statewide,Pine Sawtimber,19.40,25.99,22.70
2013,Q1,Statewide,Pine Sawtimber,21.35,27.51,24.44
2013,Q2,Statewide,Pine Sawtimber,20.72,25.99,23.36
2013,Q3,Statewide,Pine Sawtimber,20.99,26.59,23.79
2013,Q4,Statewide,Pine Sawtimber,21.21,27.55,24.39
2014,Q1,Statewide,Pine Sawtimber,21.72,26.98,24.35
2014,Q2,Statewide,Pine Sawtimber,21.08,26.02,23.55
2014,Q3,Statewide,Pine Sawtimber,19.90,25.82,22.86
2014,Q4,Statewide,Pine Sawtimber,22.37,24.96,23.67
2015,Q1,Statewide,Pine Sawtimber,19.74,28.76,24.25
2015,Q2,Statewide,Pine Sawtimber,23.21,26.49,24.85
2015,Q3,Statewide,Pine Sawtimber,24.38,27.26,25.82
2015,Q4,Statewide,Pine Sawtimber,24.13,26.27,25.20
2016,Q1,Statewide,Pine Sawtimber,19.74,25.60,22.67
2016,Q2,Statewide,Pine Sawtimber,NA,NA,24.65
2016,Q3,Statewide,Pine Sawtimber,NA,NA,24.00
2016,Q4,Statewide,Pine Sawtimber,NA,NA,23.23
2017,Q1,Statewide,Pine Sawtimber,NA,NA,22.82
2017,Q2,Statewide,Pine Sawtimber,NA,NA,22.19
2017,Q3,Statewide,Pine Sawtimber,NA,NA,23.23
2017,Q4,Statewide,Pine Sawtimber,NA,NA,23.16
2018,Q1,Statewide,Pine Sawtimber,10.00,42.76,23.42
2018,Q2,Statewide,Pine Sawtimber,12.87,34.58,22.62
2018,Q3,Statewide,Pine Sawtimber,14.00,30.00,21.02
2018,Q4,Statewide,Pine Sawtimber,10.00,34.10,21.29
2019,Q1,Statewide,Pine Sawtimber,12.00,38.00,23.81
2019,Q2,Statewide,Pine Sawtimber,13.00,34.00,22.76
2019,Q3,Statewide,Pine Sawtimber,15.00,32.00,22.61
2019,Q4,Statewide,Pine Sawtimber,9.50,40.00,23.15
2020,Q1,Statewide,Pine Sawtimber,15.00,30.00,20.94
2020,Q2,Statewide,Pine Sawtimber,12.00,35.00,21.33
2020,Q3,Statewide,Pine Sawtimber,14.00,28.00,21.00
2020,Q4,Statewide,Pine Sawtimber,9.00,38.00,22.52
2021,Q1,Statewide,Pine Sawtimber,15.00,40.24,26.50
2021,Q2,Statewide,Pine Sawtimber,14.00,32.00,22.70
2021,Q3,Statewide,Pine Sawtimber,10.97,37.95,23.20
2021,Q4,Statewide,Pine Sawtimber,14.00,37.01,23.55
2022,Q1,Statewide,Pine Sawtimber,15.00,40.00,27.92
2022,Q2,Statewide,Pine Sawtimber,10.24,36.00,23.61
2022,Q3,Statewide,Pine Sawtimber,14.50,28.00,20.15
2022,Q4,Statewide,Pine Sawtimber,12.00,36.40,21.96
2023,Q1,Statewide,Pine Sawtimber,21.06,30.43,25.75
2023,Q2,Statewide,Pine Sawtimber,20.75,28.68,24.72
2023,Q3,Statewide,Pine Sawtimber,21.26,30.27,25.77
2023,Q4,Statewide,Pine Sawtimber,20.08,27.49,23.79
2024,Q1,Statewide,Pine Sawtimber,14.00,29.40,19.48
2024,Q2,Statewide,Pine Sawtimber,11.00,32.58,19.60
2024,Q3,Statewide,Pine Sawtimber,8.00,45.00,20.81
2024,Q4,Statewide,Pine Sawtimber,NA,NA,NA
1976,Q4,Statewide,Pine Chip-n-Saw,NA,NA,NA
1977,Q1,Statewide,Pine Chip-n-Saw,NA,NA,NA
1977,Q2,Statewide,Pine Chip-n-Saw,NA,NA,NA
1977,Q3,Statewide,Pine Chip-n-Saw,NA,NA,NA
1977,Q4,Statewide,Pine Chip-n-Saw,NA,NA,NA
1978,Q1,Statewide,Pine Chip-n-Saw,NA,NA,NA
1978,Q2,Statewide,Pine Chip-n-Saw,NA,NA,NA
1978,Q3,Statewide,Pine Chip-n-Saw,NA,NA,NA
1978,Q4,Statewide,Pine Chip-n-Saw,NA,NA,NA
1979,Q1,Statewide,Pine Chip-n-Saw,NA,NA,NA
1979,Q2,Statewide,Pine Chip-n-Saw,NA,NA,NA
1979,Q3,Statewide,Pine Chip-n-Saw,NA,NA,NA
1979,Q4,Statewide,Pine Chip-n-Saw,NA,NA,NA
1980,Q1,Statewide,Pine Chip-n-Saw,9.30,13.80,12.30
1980,Q2,Statewide,Pine Chip-n-Saw,8.60,12.10,11.10
1980,Q3,Statewide,Pine Chip-n-Saw,8.20,11.80,10.70
1980,Q4,Statewide,Pine Chip-n-Saw,8.20,11.80,10.80
1981,Q1,Statewide,Pine Chip-n-Saw,8.20,11.90,10.80
1981,Q2,Statewide,Pine Chip-n-Saw,10.70,14.10,12.90
1981,Q3,Statewide,Pine Chip-n-Saw,11.60,14.40,13.70
1981,Q4,Statewide,Pine Chip-n-Saw,11.60,14.60,13.90
1982,Q1,Statewide,Pine Chip-n-Saw,11.80,15.40,14.00
1982,Q2,Statewide,Pine Chip-n-Saw,10.40,14.70,13.20
1982,Q3,Statewide,Pine Chip-n-Saw,12.70,16.40,14.90
1982,Q4,Statewide,Pine Chip-n-Saw,12.60,16.40,14.70
1983,Q1,Statewide,Pine Chip-n-Saw,12.30,16.40,14.80
1983,Q2,Statewide,Pine Chip-n-Saw,13.90,18.50,16.30
1983,Q3,Statewide,Pine Chip-n-Saw,15.40,18.50,16.60
1983,Q4,Statewide,Pine Chip-n-Saw,15.30,17.90,16.00
1984,Q1,Statewide,Pine Chip-n-Saw,15.30,17.90,16.00
1984,Q2,Statewide,Pine Chip-n-Saw,15.20,17.70,16.30
1984,Q3,Statewide,Pine Chip-n-Saw,15.70,18.70,17.20
1984,Q4,Statewide,Pine Chip-n-Saw,15.70,18.20,16.90
1985,Q1,Statewide,Pine Chip-n-Saw,15.70,17.90,16.80
1985,Q2,Statewide,Pine Chip-n-Saw,14.20,17.20,15.50
1985,Q3,Statewide,Pine Chip-n-Saw,11.90,15.70,14.20
1985,Q4,Statewide,Pine Chip-n-Saw,10.70,15.70,13.40
1986,Q1,Statewide,Pine Chip-n-Saw,10.10,15.50,12.60
1986,Q2,Statewide,Pine Chip-n-Saw,8.20,11.80,9.90
1986,Q3,Statewide,Pine Chip-n-Saw,7.00,9.10,8.20
1986,Q4,Statewide,Pine Chip-n-Saw,8.60,12.70,10.70
1987,Q1,Statewide,Pine Chip-n-Saw,8.10,11.20,9.70
1987,Q2,Statewide,Pine Chip-n-Saw,8.20,11.40,9.80
1987,Q3,Statewide,Pine Chip-n-Saw,10.50,13.50,12.00
1987,Q4,Statewide,Pine Chip-n-Saw,10.50,13.90,12.20
1988,Q1,Statewide,Pine Chip-n-Saw,11.90,14.90,13.30
1988,Q2,Statewide,Pine Chip-n-Saw,8.60,12.30,11.00
1988,Q3,Statewide,Pine Chip-n-Saw,10.10,13.40,11.80
1988,Q4,Statewide,Pine Chip-n-Saw,8.80,11.40,10.10
1989,Q1,Statewide,Pine Chip-n-Saw,9.70,11.90,10.60
1989,Q2,Statewide,Pine Chip-n-Saw,10.40,13.10,11.60
1989,Q3,Statewide,Pine Chip-n-Saw,10.10,13.80,11.80
1989,Q4,Statewide,Pine Chip-n-Saw,11.20,15.70,13.20
1990,Q1,Statewide,Pine Chip-n-Saw,10.40,12.70,11.60
1990,Q2,Statewide,Pine Chip-n-Saw,10.10,11.90,11.10
1990,Q3,Statewide,Pine Chip-n-Saw,10.40,12.70,11.60
1990,Q4,Statewide,Pine Chip-n-Saw,9.70,14.60,12.10
1991,Q1,Statewide,Pine Chip-n-Saw,11.60,15.70,13.40
1991,Q2,Statewide,Pine Chip-n-Saw,11.90,16.80,14.50
1991,Q3,Statewide,Pine Chip-n-Saw,11.90,13.80,12.80
1991,Q4,Statewide,Pine Chip-n-Saw,13.80,17.50,14.90
1992,Q1,Statewide,Pine Chip-n-Saw,14.90,20.30,17.60
1992,Q2,Statewide,Pine Chip-n-Saw,16.40,19.60,18.00
1992,Q3,Statewide,Pine Chip-n-Saw,17.10,19.90,18.50
1992,Q4,Statewide,Pine Chip-n-Saw,17.70,22.70,20.20
1993,Q1,Statewide,Pine Chip-n-Saw,19.00,25.60,22.30
1993,Q2,Statewide,Pine Chip-n-Saw,19.10,22.50,20.80
1993,Q3,Statewide,Pine Chip-n-Saw,18.90,22.20,20.50
1993,Q4,Statewide,Pine Chip-n-Saw,22.70,25.30,24.00
1994,Q1,Statewide,Pine Chip-n-Saw,21.90,28.40,25.20
1994,Q2,Statewide,Pine Chip-n-Saw,22.80,25.30,24.00
1994,Q3,Statewide,Pine Chip-n-Saw,25.00,30.10,27.50
1994,Q4,Statewide,Pine Chip-n-Saw,30.20,38.20,34.20
1995,Q1,Statewide,Pine Chip-n-Saw,23.60,27.10,25.30
1995,Q2,Statewide,Pine Chip-n-Saw,32.20,33.40,32.80
1995,Q3,Statewide,Pine Chip-n-Saw,24.10,28.40,26.30
1995,Q4,Statewide,Pine Chip-n-Saw,27.00,35.10,31.00
1996,Q1,Statewide,Pine Chip-n-Saw,24.30,28.40,26.30
1996,Q2,Statewide,Pine Chip-n-Saw,21.10,24.00,22.50
1996,Q3,Statewide,Pine Chip-n-Saw,21.30,29.50,25.40
1996,Q4,Statewide,Pine Chip-n-Saw,25.50,33.60,29.60
1997,Q1,Statewide,Pine Chip-n-Saw,28.00,37.30,32.60
1997,Q2,Statewide,Pine Chip-n-Saw,27.20,33.00,30.10
1997,Q3,Statewide,Pine Chip-n-Saw,28.90,35.10,32.00
1997,Q4,Statewide,Pine Chip-n-Saw,28.80,37.60,33.20
1998,Q1,Statewide,Pine Chip-n-Saw,31.40,42.70,37.00
1998,Q2,Statewide,Pine Chip-n-Saw,29.50,37.60,33.60
1998,Q3,Statewide,Pine Chip-n-Saw,29.70,37.30,33.50
1998,Q4,Statewide,Pine Chip-n-Saw,27.40,37.40,32.40
1999,Q1,Statewide,Pine Chip-n-Saw,30.90,42.30,36.60
1999,Q2,Statewide,Pine Chip-n-Saw,29.60,46.00,37.80
1999,Q3,Statewide,Pine Chip-n-Saw,31.80,37.40,34.60
1999,Q4,Statewide,Pine Chip-n-Saw,33.30,41.00,37.20
2000,Q1,Statewide,Pine Chip-n-Saw,32.80,41.50,37.20
2000,Q2,Statewide,Pine Chip-n-Saw,31.30,44.20,37.80
2000,Q3,Statewide,Pine Chip-n-Saw,30.20,40.10,35.20
2000,Q4,Statewide,Pine Chip-n-Saw,27.40,35.90,31.70
2001,Q1,Statewide,Pine Chip-n-Saw,21.60,32.90,27.30
2001,Q2,Statewide,Pine Chip-n-Saw,22.20,31.60,26.90
2001,Q3,Statewide,Pine Chip-n-Saw,22.10,29.20,25.60
2001,Q4,Statewide,Pine Chip-n-Saw,26.30,32.20,29.30
2002,Q1,Statewide,Pine Chip-n-Saw,25.20,31.90,28.60
2002,Q2,Statewide,Pine Chip-n-Saw,26.20,31.80,29.00
2002,Q3,Statewide,Pine Chip-n-Saw,22.30,29.00,25.60
2002,Q4,Statewide,Pine Chip-n-Saw,27.40,32.90,30.10
2003,Q1,Statewide,Pine Chip-n-Saw,25.40,32.70,29.10
2003,Q2,Statewide,Pine Chip-n-Saw,25.70,31.40,28.60
2003,Q3,Statewide,Pine Chip-n-Saw,25.40,31.20,28.30
2003,Q4,Statewide,Pine Chip-n-Saw,24.10,30.00,27.00
2004,Q1,Statewide,Pine Chip-n-Saw,23.80,31.80,27.80
2004,Q2,Statewide,Pine Chip-n-Saw,24.50,30.10,27.30
2004,Q3,Statewide,Pine Chip-n-Saw,25.00,33.80,29.40
2004,Q4,Statewide,Pine Chip-n-Saw,25.00,32.30,28.60
2005,Q1,Statewide,Pine Chip-n-Saw,25.10,30.20,27.60
2005,Q2,Statewide,Pine Chip-n-Saw,21.10,25.60,23.40
2005,Q3,Statewide,Pine Chip-n-Saw,20.90,24.30,22.60
2005,Q4,Statewide,Pine Chip-n-Saw,20.30,25.30,22.80
2006,Q1,Statewide,Pine Chip-n-Saw,21.40,31.20,26.30
2006,Q2,Statewide,Pine Chip-n-Saw,18.70,23.90,21.30
2006,Q3,Statewide,Pine Chip-n-Saw,19.50,23.20,21.40
2006,Q4,Statewide,Pine Chip-n-Saw,17.30,22.80,20.00
2007,Q1,Statewide,Pine Chip-n-Saw,17.90,22.20,20.10
2007,Q2,Statewide,Pine Chip-n-Saw,15.00,19.70,17.40
2007,Q3,Statewide,Pine Chip-n-Saw,14.90,18.90,16.90
2007,Q4,Statewide,Pine Chip-n-Saw,14.50,19.10,16.80
2008,Q1,Statewide,Pine Chip-n-Saw,13.90,17.80,15.90
2008,Q2,Statewide,Pine Chip-n-Saw,12.70,20.40,16.60
2008,Q3,Statewide,Pine Chip-n-Saw,13.10,17.40,15.20
2008,Q4,Statewide,Pine Chip-n-Saw,14.20,19.80,17.00
2009,Q1,Statewide,Pine Chip-n-Saw,12.80,17.00,14.90
2009,Q2,Statewide,Pine Chip-n-Saw,13.10,17.00,15.00
2009,Q3,Statewide,Pine Chip-n-Saw,13.20,17.30,15.20
2009,Q4,Statewide,Pine Chip-n-Saw,13.90,18.70,16.30
2010,Q1,Statewide,Pine Chip-n-Saw,15.20,20.70,17.90
2010,Q2,Statewide,Pine Chip-n-Saw,15.50,21.90,18.70
2010,Q3,Statewide,Pine Chip-n-Saw,14.10,21.20,17.70
2010,Q4,Statewide,Pine Chip-n-Saw,14.30,19.70,17.00
2011,Q1,Statewide,Pine Chip-n-Saw,12.60,17.30,15.00
2011,Q2,Statewide,Pine Chip-n-Saw,12.00,16.50,14.30
2011,Q3,Statewide,Pine Chip-n-Saw,12.30,16.70,14.50
2011,Q4,Statewide,Pine Chip-n-Saw,12.30,17.20,14.80
2012,Q1,Statewide,Pine Chip-n-Saw,12.50,16.00,14.30
2012,Q2,Statewide,Pine Chip-n-Saw,12.80,16.20,14.50
2012,Q3,Statewide,Pine Chip-n-Saw,12.80,16.70,14.70
2012,Q4,Statewide,Pine Chip-n-Saw,13.20,16.70,15.00
2013,Q1,Statewide,Pine Chip-n-Saw,14.40,17.70,16.00
2013,Q2,Statewide,Pine Chip-n-Saw,14.00,17.70,15.90
2013,Q3,Statewide,Pine Chip-n-Saw,12.90,17.20,15.00
2013,Q4,Statewide,Pine Chip-n-Saw,13.20,17.60,15.40
2014,Q1,Statewide,Pine Chip-n-Saw,14.60,17.80,16.20
2014,Q2,Statewide,Pine Chip-n-Saw,13.70,17.00,15.30
2014,Q3,Statewide,Pine Chip-n-Saw,11.40,16.40,13.90
2014,Q4,Statewide,Pine Chip-n-Saw,12.70,16.10,14.40
2015,Q1,Statewide,Pine Chip-n-Saw,13.30,17.40,15.30
2015,Q2,Statewide,Pine Chip-n-Saw,12.50,16.40,14.40
2015,Q3,Statewide,Pine Chip-n-Saw,12.10,14.90,13.50
2015,Q4,Statewide,Pine Chip-n-Saw,13.10,16.30,14.70
2016,Q1,Statewide,Pine Chip-n-Saw,12.50,17.10,14.80
2016,Q2,Statewide,Pine Chip-n-Saw,NA,NA,14.70
2016,Q3,Statewide,Pine Chip-n-Saw,NA,NA,14.60
2016,Q4,Statewide,Pine Chip-n-Saw,NA,NA,14.80
2017,Q1,Statewide,Pine Chip-n-Saw,NA,NA,15.00
2017,Q2,Statewide,Pine Chip-n-Saw,NA,NA,14.60
2017,Q3,Statewide,Pine Chip-n-Saw,NA,NA,15.80
2017,Q4,Statewide,Pine Chip-n-Saw,NA,NA,14.90
2018,Q1,Statewide,Pine Chip-n-Saw,6.00,24.20,12.80
2018,Q2,Statewide,Pine Chip-n-Saw,7.50,18.30,13.30
2018,Q3,Statewide,Pine Chip-n-Saw,6.00,16.00,11.70
2018,Q4,Statewide,Pine Chip-n-Saw,6.50,20.50,12.60
2019,Q1,Statewide,Pine Chip-n-Saw,6.00,21.50,13.80
2019,Q2,Statewide,Pine Chip-n-Saw,7.00,16.10,12.20
2019,Q3,Statewide,Pine Chip-n-Saw,8.00,17.00,12.60
2019,Q4,Statewide,Pine Chip-n-Saw,6.00,18.90,11.80
2020,Q1,Statewide,Pine Chip-n-Saw,7.00,18.50,12.90
2020,Q2,Statewide,Pine Chip-n-Saw,6.00,16.00,10.60
2020,Q3,Statewide,Pine Chip-n-Saw,4.50,18.00,11.70
2020,Q4,Statewide,Pine Chip-n-Saw,6.00,20.60,13.00
2021,Q1,Statewide,Pine Chip-n-Saw,6.00,20.80,14.10
2021,Q2,Statewide,Pine Chip-n-Saw,5.50,17.50,12.10
2021,Q3,Statewide,Pine Chip-n-Saw,7.00,18.50,12.20
2021,Q4,Statewide,Pine Chip-n-Saw,5.00,20.90,12.40
2022,Q1,Statewide,Pine Chip-n-Saw,5.50,25.00,15.10
2022,Q2,Statewide,Pine Chip-n-Saw,9.00,17.50,12.70
2022,Q3,Statewide,Pine Chip-n-Saw,4.50,18.80,11.10
2022,Q4,Statewide,Pine Chip-n-Saw,5.00,18.00,11.70
2023,Q1,Statewide,Pine Chip-n-Saw,11.60,20.80,16.20
2023,Q2,Statewide,Pine Chip-n-Saw,11.80,20.40,16.10
2023,Q3,Statewide,Pine Chip-n-Saw,11.20,20.20,15.70
2023,Q4,Statewide,Pine Chip-n-Saw,11.40,18.30,14.80
2024,Q1,Statewide,Pine Chip-n-Saw,5.00,19.50,10.00
2024,Q2,Statewide,Pine Chip-n-Saw,5.00,18.00,10.60
2024,Q3,Statewide,Pine Chip-n-Saw,3.30,17.00,11.20
2024,Q4,Statewide,Pine Chip-n-Saw,NA,NA,NA
1976,Q4,Statewide,Pine Pulpwood,1.68,4.10,2.80
1977,Q1,Statewide,Pine Pulpwood,1.68,3.99,2.78
1977,Q2,Statewide,Pine Pulpwood,1.80,3.92,2.74
1977,Q3,Statewide,Pine Pulpwood,2.18,4.01,3.20
1977,Q4,Statewide,Pine Pulpwood,2.24,4.38,3.45
1978,Q1,Statewide,Pine Pulpwood,2.24,4.48,3.61
1978,Q2,Statewide,Pine Pulpwood,2.24,4.48,3.82
1978,Q3,Statewide,Pine Pulpwood,2.24,4.48,3.92
1978,Q4,Statewide,Pine Pulpwood,2.67,4.54,4.20
1979,Q1,Statewide,Pine Pulpwood,2.80,4.60,4.20
1979,Q2,Statewide,Pine Pulpwood,2.80,4.48,3.73
1979,Q3,Statewide,Pine Pulpwood,2.80,4.10,3.36
1979,Q4,Statewide,Pine Pulpwood,2.67,4.29,3.61
1980,Q1,Statewide,Pine Pulpwood,2.43,4.66,4.10
1980,Q2,Statewide,Pine Pulpwood,2.43,4.66,4.10
1980,Q3,Statewide,Pine Pulpwood,2.43,4.73,4.17
1980,Q4,Statewide,Pine Pulpwood,2.52,4.48,4.10
1981,Q1,Statewide,Pine Pulpwood,2.52,4.48,4.10
1981,Q2,Statewide,Pine Pulpwood,2.52,4.48,4.10
1981,Q3,Statewide,Pine Pulpwood,2.95,4.85,4.45
1981,Q4,Statewide,Pine Pulpwood,3.36,5.22,4.76
1982,Q1,Statewide,Pine Pulpwood,3.61,5.72,4.94
1982,Q2,Statewide,Pine Pulpwood,3.48,5.60,4.60
1982,Q3,Statewide,Pine Pulpwood,3.36,5.29,4.23
1982,Q4,Statewide,Pine Pulpwood,3.36,5.22,4.29
1983,Q1,Statewide,Pine Pulpwood,3.36,5.47,4.66
1983,Q2,Statewide,Pine Pulpwood,3.54,5.66,4.73
1983,Q3,Statewide,Pine Pulpwood,3.79,6.06,5.07
1983,Q4,Statewide,Pine Pulpwood,3.67,6.03,4.66
1984,Q1,Statewide,Pine Pulpwood,3.73,6.06,4.85
1984,Q2,Statewide,Pine Pulpwood,3.98,6.84,5.41
1984,Q3,Statewide,Pine Pulpwood,3.48,6.97,5.29
1984,Q4,Statewide,Pine Pulpwood,3.54,7.15,5.53
1985,Q1,Statewide,Pine Pulpwood,3.86,7.00,5.25
1985,Q2,Statewide,Pine Pulpwood,3.73,6.06,4.94
1985,Q3,Statewide,Pine Pulpwood,3.54,5.78,4.66
1985,Q4,Statewide,Pine Pulpwood,3.92,6.16,5.04
1986,Q1,Statewide,Pine Pulpwood,3.61,5.47,4.63
1986,Q2,Statewide,Pine Pulpwood,2.95,4.42,3.67
1986,Q3,Statewide,Pine Pulpwood,3.26,4.48,3.86
1986,Q4,Statewide,Pine Pulpwood,3.02,5.13,4.05
1987,Q1,Statewide,Pine Pulpwood,2.18,4.74,3.45
1987,Q2,Statewide,Pine Pulpwood,2.33,5.60,3.86
1987,Q3,Statewide,Pine Pulpwood,2.83,5.04,3.87
1987,Q4,Statewide,Pine Pulpwood,3.26,4.70,3.94
1988,Q1,Statewide,Pine Pulpwood,3.36,5.60,4.38
1988,Q2,Statewide,Pine Pulpwood,2.99,4.10,3.64
1988,Q3,Statewide,Pine Pulpwood,3.36,5.22,4.25
1988,Q4,Statewide,Pine Pulpwood,3.73,4.48,4.20
1989,Q1,Statewide,Pine Pulpwood,2.99,5.22,3.88
1989,Q2,Statewide,Pine Pulpwood,3.36,5.22,4.10
1989,Q3,Statewide,Pine Pulpwood,3.73,4.85,4.29
1989,Q4,Statewide,Pine Pulpwood,3.73,5.22,4.66
1990,Q1,Statewide,Pine Pulpwood,4.10,5.22,4.66
1990,Q2,Statewide,Pine Pulpwood,4.48,5.60,4.94
1990,Q3,Statewide,Pine Pulpwood,4.48,5.60,4.85
1990,Q4,Statewide,Pine Pulpwood,4.48,5.22,4.85
1991,Q1,Statewide,Pine Pulpwood,4.48,5.60,4.94
1991,Q2,Statewide,Pine Pulpwood,5.22,6.34,5.69
1991,Q3,Statewide,Pine Pulpwood,4.85,6.34,5.60
1991,Q4,Statewide,Pine Pulpwood,4.48,6.34,5.41
1992,Q1,Statewide,Pine Pulpwood,5.41,7.46,6.44
1992,Q2,Statewide,Pine Pulpwood,5.33,8.37,6.85
1992,Q3,Statewide,Pine Pulpwood,6.42,7.27,6.84
1992,Q4,Statewide,Pine Pulpwood,5.93,7.69,6.81
1993,Q1,Statewide,Pine Pulpwood,8.60,11.50,10.05
1993,Q2,Statewide,Pine Pulpwood,6.45,10.08,8.26
1993,Q3,Statewide,Pine Pulpwood,7.25,8.61,7.93
1993,Q4,Statewide,Pine Pulpwood,7.71,11.19,9.45
1994,Q1,Statewide,Pine Pulpwood,8.09,10.45,9.26
1994,Q2,Statewide,Pine Pulpwood,7.88,10.15,9.01
1994,Q3,Statewide,Pine Pulpwood,8.40,9.76,9.08
1994,Q4,Statewide,Pine Pulpwood,9.18,12.97,11.07
1995,Q1,Statewide,Pine Pulpwood,10.73,13.53,12.13
1995,Q2,Statewide,Pine Pulpwood,11.07,12.07,11.57
1995,Q3,Statewide,Pine Pulpwood,9.94,11.17,10.56
1995,Q4,Statewide,Pine Pulpwood,9.10,11.53,10.32
1996,Q1,Statewide,Pine Pulpwood,8.34,12.03,10.18
1996,Q2,Statewide,Pine Pulpwood,8.58,10.57,9.57
1996,Q3,Statewide,Pine Pulpwood,7.97,10.81,9.39
1996,Q4,Statewide,Pine Pulpwood,9.48,11.94,10.71
1997,Q1,Statewide,Pine Pulpwood,10.18,14.39,12.29
1997,Q2,Statewide,Pine Pulpwood,9.49,12.69,11.09
1997,Q3,Statewide,Pine Pulpwood,10.67,13.61,12.14
1997,Q4,Statewide,Pine Pulpwood,11.36,15.65,13.50
1998,Q1,Statewide,Pine Pulpwood,13.89,20.04,16.96
1998,Q2,Statewide,Pine Pulpwood,10.90,14.68,12.79
1998,Q3,Statewide,Pine Pulpwood,10.12,13.22,11.67
1998,Q4,Statewide,Pine Pulpwood,10.14,13.17,11.65
1999,Q1,Statewide,Pine Pulpwood,9.20,13.07,11.13
1999,Q2,Statewide,Pine Pulpwood,5.17,9.16,7.17
1999,Q3,Statewide,Pine Pulpwood,6.19,9.71,7.95
1999,Q4,Statewide,Pine Pulpwood,8.92,11.75,10.33
2000,Q1,Statewide,Pine Pulpwood,6.82,10.73,8.78
2000,Q2,Statewide,Pine Pulpwood,5.44,8.97,7.21
2000,Q3,Statewide,Pine Pulpwood,4.44,8.56,6.50
2000,Q4,Statewide,Pine Pulpwood,5.59,9.59,7.59
2001,Q1,Statewide,Pine Pulpwood,5.97,8.44,7.20
2001,Q2,Statewide,Pine Pulpwood,5.16,7.95,6.55
2001,Q3,Statewide,Pine Pulpwood,5.54,7.58,6.56
2001,Q4,Statewide,Pine Pulpwood,5.57,8.53,7.05
2002,Q1,Statewide,Pine Pulpwood,5.40,8.88,7.13
2002,Q2,Statewide,Pine Pulpwood,4.06,7.25,5.65
2002,Q3,Statewide,Pine Pulpwood,4.12,7.12,5.62
2002,Q4,Statewide,Pine Pulpwood,5.75,9.19,7.47
2003,Q1,Statewide,Pine Pulpwood,7.23,9.86,8.54
2003,Q2,Statewide,Pine Pulpwood,5.88,8.51,7.19
2003,Q3,Statewide,Pine Pulpwood,6.02,8.64,7.33
2003,Q4,Statewide,Pine Pulpwood,6.77,9.38,8.07
2004,Q1,Statewide,Pine Pulpwood,6.15,9.54,7.84
2004,Q2,Statewide,Pine Pulpwood,5.12,8.00,6.56
2004,Q3,Statewide,Pine Pulpwood,4.93,8.99,6.96
2004,Q4,Statewide,Pine Pulpwood,5.54,10.16,7.85
2005,Q1,Statewide,Pine Pulpwood,8.00,10.86,9.43
2005,Q2,Statewide,Pine Pulpwood,7.17,12.20,9.68
2005,Q3,Statewide,Pine Pulpwood,6.20,8.64,7.42
2005,Q4,Statewide,Pine Pulpwood,5.48,8.26,6.87
2006,Q1,Statewide,Pine Pulpwood,6.61,8.86,7.73
2006,Q2,Statewide,Pine Pulpwood,5.74,8.05,6.90
2006,Q3,Statewide,Pine Pulpwood,4.70,7.29,5.99
2006,Q4,Statewide,Pine Pulpwood,4.79,8.04,6.41
2007,Q1,Statewide,Pine Pulpwood,7.39,10.17,8.78
2007,Q2,Statewide,Pine Pulpwood,5.68,9.05,7.37
2007,Q3,Statewide,Pine Pulpwood,5.23,8.05,6.64
2007,Q4,Statewide,Pine Pulpwood,6.44,10.76,8.60
2008,Q1,Statewide,Pine Pulpwood,7.02,10.09,8.55
2008,Q2,Statewide,Pine Pulpwood,6.60,9.54,8.07
2008,Q3,Statewide,Pine Pulpwood,6.54,10.76,8.65
2008,Q4,Statewide,Pine Pulpwood,8.79,14.07,11.43
2009,Q1,Statewide,Pine Pulpwood,6.17,10.87,8.52
2009,Q2,Statewide,Pine Pulpwood,5.90,8.73,7.32
2009,Q3,Statewide,Pine Pulpwood,6.86,10.30,8.58
2009,Q4,Statewide,Pine Pulpwood,8.80,13.19,10.99
2010,Q1,Statewide,Pine Pulpwood,10.43,17.23,13.83
2010,Q2,Statewide,Pine Pulpwood,9.49,13.24,11.36
2010,Q3,Statewide,Pine Pulpwood,6.97,10.19,8.58
2010,Q4,Statewide,Pine Pulpwood,7.46,10.49,8.97
2011,Q1,Statewide,Pine Pulpwood,7.67,9.98,8.82
2011,Q2,Statewide,Pine Pulpwood,6.43,8.94,7.68
2011,Q3,Statewide,Pine Pulpwood,6.20,8.52,7.36
2011,Q4,Statewide,Pine Pulpwood,6.48,9.37,7.92
2012,Q1,Statewide,Pine Pulpwood,6.14,9.90,8.02
2012,Q2,Statewide,Pine Pulpwood,5.71,8.79,7.25
2012,Q3,Statewide,Pine Pulpwood,6.17,8.85,7.51
2012,Q4,Statewide,Pine Pulpwood,6.45,10.56,8.51
2013,Q1,Statewide,Pine Pulpwood,7.36,12.01,9.68
2013,Q2,Statewide,Pine Pulpwood,6.89,10.97,8.93
2013,Q3,Statewide,Pine Pulpwood,6.57,10.82,8.69
2013,Q4,Statewide,Pine Pulpwood,6.62,10.68,8.65
2014,Q1,Statewide,Pine Pulpwood,6.76,10.86,8.81
2014,Q2,Statewide,Pine Pulpwood,6.56,10.36,8.46
2014,Q3,Statewide,Pine Pulpwood,5.24,9.19,7.22
2014,Q4,Statewide,Pine Pulpwood,6.01,9.26,7.64
2015,Q1,Statewide,Pine Pulpwood,5.58,11.17,8.38
2015,Q2,Statewide,Pine Pulpwood,5.24,10.20,7.72
2015,Q3,Statewide,Pine Pulpwood,4.92,9.00,6.96
2015,Q4,Statewide,Pine Pulpwood,5.60,9.45,7.53
2016,Q1,Statewide,Pine Pulpwood,6.16,9.96,8.06
2016,Q2,Statewide,Pine Pulpwood,NA,NA,8.00
2016,Q3,Statewide,Pine Pulpwood,NA,NA,7.78
2016,Q4,Statewide,Pine Pulpwood,NA,NA,6.75
2017,Q1,Statewide,Pine Pulpwood,NA,NA,6.76
2017,Q2,Statewide,Pine Pulpwood,NA,NA,6.72
2017,Q3,Statewide,Pine Pulpwood,NA,NA,6.39
2017,Q4,Statewide,Pine Pulpwood,NA,NA,6.95
2018,Q1,Statewide,Pine Pulpwood,0.50,12.83,5.25
2018,Q2,Statewide,Pine Pulpwood,0.50,12.50,5.79
2018,Q3,Statewide,Pine Pulpwood,1.00,7.50,3.76
2018,Q4,Statewide,Pine Pulpwood,1.00,10.25,4.80
2019,Q1,Statewide,Pine Pulpwood,1.00,11.28,5.61
2019,Q2,Statewide,Pine Pulpwood,1.00,10.00,4.92
2019,Q3,Statewide,Pine Pulpwood,1.00,8.50,4.53
2019,Q4,Statewide,Pine Pulpwood,0.50,8.00,3.93
2020,Q1,Statewide,Pine Pulpwood,1.00,10.00,5.01
2020,Q2,Statewide,Pine Pulpwood,0.50,7.00,3.04
2020,Q3,Statewide,Pine Pulpwood,1.00,8.00,3.38
2020,Q4,Statewide,Pine Pulpwood,0.35,7.50,3.54
2021,Q1,Statewide,Pine Pulpwood,0.50,10.39,4.57
2021,Q2,Statewide,Pine Pulpwood,0.25,6.35,2.81
2021,Q3,Statewide,Pine Pulpwood,0.25,8.00,3.60
2021,Q4,Statewide,Pine Pulpwood,0.25,7.00,3.13
2022,Q1,Statewide,Pine Pulpwood,1.00,6.80,3.44
2022,Q2,Statewide,Pine Pulpwood,0.25,6.00,2.99
2022,Q3,Statewide,Pine Pulpwood,0.25,5.25,2.12
2022,Q4,Statewide,Pine Pulpwood,1.00,5.00,2.80
2023,Q1,Statewide,Pine Pulpwood,2.78,11.38,7.08
2023,Q2,Statewide,Pine Pulpwood,2.21,6.82,4.52
2023,Q3,Statewide,Pine Pulpwood,2.15,6.42,4.29
2023,Q4,Statewide,Pine Pulpwood,2.25,6.99,4.62
2024,Q1,Statewide,Pine Pulpwood,0.00,6.00,1.52
2024,Q2,Statewide,Pine Pulpwood,0.10,7.00,1.69
2024,Q3,Statewide,Pine Pulpwood,0.50,7.00,2.33
2024,Q4,Statewide,Pine Pulpwood,NA,NA,NA
1976,Q4,Statewide,Mixed Hardwood Sawtimber,4.00,7.20,5.60
1977,Q1,Statewide,Mixed Hardwood Sawtimber,2.86,6.21,4.84
1977,Q2,Statewide,Mixed Hardwood Sawtimber,3.35,6.51,5.14
1977,Q3,Statewide,Mixed Hardwood Sawtimber,4.04,7.24,6.17
1977,Q4,Statewide,Mixed Hardwood Sawtimber,4.88,8.11,7.09
1978,Q1,Statewide,Mixed Hardwood Sawtimber,5.03,8.00,7.20
1978,Q2,Statewide,Mixed Hardwood Sawtimber,4.80,8.38,7.31
1978,Q3,Statewide,Mixed Hardwood Sawtimber,4.80,9.41,8.65
1978,Q4,Statewide,Mixed Hardwood Sawtimber,5.22,9.14,8.19
1979,Q1,Statewide,Mixed Hardwood Sawtimber,5.52,9.14,8.23
1979,Q2,Statewide,Mixed Hardwood Sawtimber,5.52,8.57,6.74
1979,Q3,Statewide,Mixed Hardwood Sawtimber,5.71,8.57,6.86
1979,Q4,Statewide,Mixed Hardwood Sawtimber,5.71,8.38,6.44
1980,Q1,Statewide,Mixed Hardwood Sawtimber,5.71,8.27,6.21
1980,Q2,Statewide,Mixed Hardwood Sawtimber,5.37,8.53,6.40
1980,Q3,Statewide,Mixed Hardwood Sawtimber,5.37,8.00,5.94
1980,Q4,Statewide,Mixed Hardwood Sawtimber,5.30,7.89,6.32
1981,Q1,Statewide,Mixed Hardwood Sawtimber,5.30,8.27,6.55
1981,Q2,Statewide,Mixed Hardwood Sawtimber,5.75,8.53,7.43
1981,Q3,Statewide,Mixed Hardwood Sawtimber,5.37,7.70,6.59
1981,Q4,Statewide,Mixed Hardwood Sawtimber,5.64,8.69,6.97
1982,Q1,Statewide,Mixed Hardwood Sawtimber,6.00,7.83,6.74
1982,Q2,Statewide,Mixed Hardwood Sawtimber,5.45,7.24,6.29
1982,Q3,Statewide,Mixed Hardwood Sawtimber,5.33,7.47,6.25
1982,Q4,Statewide,Mixed Hardwood Sawtimber,5.52,7.28,6.25
1983,Q1,Statewide,Mixed Hardwood Sawtimber,6.29,7.85,7.16
1983,Q2,Statewide,Mixed Hardwood Sawtimber,5.94,8.11,7.05
1983,Q3,Statewide,Mixed Hardwood Sawtimber,5.64,7.77,6.82
1983,Q4,Statewide,Mixed Hardwood Sawtimber,5.60,7.28,6.32
1984,Q1,Statewide,Mixed Hardwood Sawtimber,5.22,7.35,6.32
1984,Q2,Statewide,Mixed Hardwood Sawtimber,5.41,6.93,6.21
1984,Q3,Statewide,Mixed Hardwood Sawtimber,5.30,6.93,6.17
1984,Q4,Statewide,Mixed Hardwood Sawtimber,4.88,6.90,6.02
1985,Q1,Statewide,Mixed Hardwood Sawtimber,6.29,7.92,7.16
1985,Q2,Statewide,Mixed Hardwood Sawtimber,6.02,8.08,6.93
1985,Q3,Statewide,Mixed Hardwood Sawtimber,5.87,7.73,6.78
1985,Q4,Statewide,Mixed Hardwood Sawtimber,5.60,6.93,6.29
1986,Q1,Statewide,Mixed Hardwood Sawtimber,5.18,7.20,6.17
1986,Q2,Statewide,Mixed Hardwood Sawtimber,5.26,7.16,6.17
1986,Q3,Statewide,Mixed Hardwood Sawtimber,6.06,7.58,6.78
1986,Q4,Statewide,Mixed Hardwood Sawtimber,5.26,8.23,6.67
1987,Q1,Statewide,Mixed Hardwood Sawtimber,5.52,8.46,7.01
1987,Q2,Statewide,Mixed Hardwood Sawtimber,5.37,8.50,6.93
1987,Q3,Statewide,Mixed Hardwood Sawtimber,6.10,9.10,7.58
1987,Q4,Statewide,Mixed Hardwood Sawtimber,7.28,10.32,8.84
1988,Q1,Statewide,Mixed Hardwood Sawtimber,6.40,10.29,8.34
1988,Q2,Statewide,Mixed Hardwood Sawtimber,6.06,11.89,9.03
1988,Q3,Statewide,Mixed Hardwood Sawtimber,6.74,9.83,8.69
1988,Q4,Statewide,Mixed Hardwood Sawtimber,6.86,10.86,8.91
1989,Q1,Statewide,Mixed Hardwood Sawtimber,6.74,11.89,8.46
1989,Q2,Statewide,Mixed Hardwood Sawtimber,9.71,11.09,10.40
1989,Q3,Statewide,Mixed Hardwood Sawtimber,10.17,12.11,11.20
1989,Q4,Statewide,Mixed Hardwood Sawtimber,9.49,13.14,11.31
1990,Q1,Statewide,Mixed Hardwood Sawtimber,8.11,10.86,9.49
1990,Q2,Statewide,Mixed Hardwood Sawtimber,7.31,10.74,9.03
1990,Q3,Statewide,Mixed Hardwood Sawtimber,9.26,15.09,12.23
1990,Q4,Statewide,Mixed Hardwood Sawtimber,7.66,10.40,9.03
1991,Q1,Statewide,Mixed Hardwood Sawtimber,7.77,12.11,10.17
1991,Q2,Statewide,Mixed Hardwood Sawtimber,9.37,11.20,10.29
1991,Q3,Statewide,Mixed Hardwood Sawtimber,10.51,13.83,12.23
1991,Q4,Statewide,Mixed Hardwood Sawtimber,10.51,16.91,13.71
1992,Q1,Statewide,Mixed Hardwood Sawtimber,9.26,13.83,11.54
1992,Q2,Statewide,Mixed Hardwood Sawtimber,10.97,13.37,12.11
1992,Q3,Statewide,Mixed Hardwood Sawtimber,12.00,13.49,12.80
1992,Q4,Statewide,Mixed Hardwood Sawtimber,11.77,16.34,14.06
1993,Q1,Statewide,Mixed Hardwood Sawtimber,10.63,16.46,13.60
1993,Q2,Statewide,Mixed Hardwood Sawtimber,14.97,25.03,20.00
1993,Q3,Statewide,Mixed Hardwood Sawtimber,13.14,16.23,14.74
1993,Q4,Statewide,Mixed Hardwood Sawtimber,12.00,19.09,15.54
1994,Q1,Statewide,Mixed Hardwood Sawtimber,14.63,17.60,16.11
1994,Q2,Statewide,Mixed Hardwood Sawtimber,15.31,20.46,17.83
1994,Q3,Statewide,Mixed Hardwood Sawtimber,11.89,16.69,14.29
1994,Q4,Statewide,Mixed Hardwood Sawtimber,15.09,22.40,18.74
1995,Q1,Statewide,Mixed Hardwood Sawtimber,19.20,22.29,20.80
1995,Q2,Statewide,Mixed Hardwood Sawtimber,16.11,20.23,18.17
1995,Q3,Statewide,Mixed Hardwood Sawtimber,14.06,21.49,17.83
1995,Q4,Statewide,Mixed Hardwood Sawtimber,14.74,21.37,18.06
1996,Q1,Statewide,Mixed Hardwood Sawtimber,14.74,20.69,17.71
1996,Q2,Statewide,Mixed Hardwood Sawtimber,13.49,17.94,15.66
1996,Q3,Statewide,Mixed Hardwood Sawtimber,13.49,19.09,16.23
1996,Q4,Statewide,Mixed Hardwood Sawtimber,14.51,19.37,16.94
1997,Q1,Statewide,Mixed Hardwood Sawtimber,14.86,24.23,19.54
1997,Q2,Statewide,Mixed Hardwood Sawtimber,15.83,24.06,19.94
1997,Q3,Statewide,Mixed Hardwood Sawtimber,16.91,22.69,19.80
1997,Q4,Statewide,Mixed Hardwood Sawtimber,15.37,22.97,19.17
1998,Q1,Statewide,Mixed Hardwood Sawtimber,17.94,29.09,23.51
1998,Q2,Statewide,Mixed Hardwood Sawtimber,15.54,21.37,18.46
1998,Q3,Statewide,Mixed Hardwood Sawtimber,16.63,20.40,18.51
1998,Q4,Statewide,Mixed Hardwood Sawtimber,18.80,24.17,21.49
1999,Q1,Statewide,Mixed Hardwood Sawtimber,14.11,22.11,18.11
1999,Q2,Statewide,Mixed Hardwood Sawtimber,14.97,20.00,17.49
1999,Q3,Statewide,Mixed Hardwood Sawtimber,13.26,19.54,16.46
1999,Q4,Statewide,Mixed Hardwood Sawtimber,17.37,25.60,21.49
2000,Q1,Statewide,Mixed Hardwood Sawtimber,15.09,22.06,18.51
2000,Q2,Statewide,Mixed Hardwood Sawtimber,12.57,20.00,16.23
2000,Q3,Statewide,Mixed Hardwood Sawtimber,16.46,22.97,19.77
2000,Q4,Statewide,Mixed Hardwood Sawtimber,18.63,28.69,23.66
2001,Q1,Statewide,Mixed Hardwood Sawtimber,14.06,22.74,18.40
2001,Q2,Statewide,Mixed Hardwood Sawtimber,15.89,29.37,22.63
2001,Q3,Statewide,Mixed Hardwood Sawtimber,14.97,27.31,21.14
2001,Q4,Statewide,Mixed Hardwood Sawtimber,17.14,25.71,21.49
2002,Q1,Statewide,Mixed Hardwood Sawtimber,17.14,26.63,21.94
2002,Q2,Statewide,Mixed Hardwood Sawtimber,15.77,24.80,20.23
2002,Q3,Statewide,Mixed Hardwood Sawtimber,17.14,25.71,21.37
2002,Q4,Statewide,Mixed Hardwood Sawtimber,17.26,25.83,21.49
2003,Q1,Statewide,Mixed Hardwood Sawtimber,18.41,25.39,21.90
2003,Q2,Statewide,Mixed Hardwood Sawtimber,17.31,28.54,22.93
2003,Q3,Statewide,Mixed Hardwood Sawtimber,15.92,23.21,19.56
2003,Q4,Statewide,Mixed Hardwood Sawtimber,20.62,27.49,24.05
2004,Q1,Statewide,Mixed Hardwood Sawtimber,12.34,28.88,20.61
2004,Q2,Statewide,Mixed Hardwood Sawtimber,17.28,27.67,22.47
2004,Q3,Statewide,Mixed Hardwood Sawtimber,17.51,31.27,24.39
2004,Q4,Statewide,Mixed Hardwood Sawtimber,17.05,29.13,23.09
2005,Q1,Statewide,Mixed Hardwood Sawtimber,18.16,29.13,23.64
2005,Q2,Statewide,Mixed Hardwood Sawtimber,16.36,28.66,22.51
2005,Q3,Statewide,Mixed Hardwood Sawtimber,18.67,28.72,23.69
2005,Q4,Statewide,Mixed Hardwood Sawtimber,18.34,27.94,23.14
2006,Q1,Statewide,Mixed Hardwood Sawtimber,20.86,31.59,26.22
2006,Q2,Statewide,Mixed Hardwood Sawtimber,18.13,28.28,23.20
2006,Q3,Statewide,Mixed Hardwood Sawtimber,16.98,26.05,21.51
2006,Q4,Statewide,Mixed Hardwood Sawtimber,20.28,30.94,25.61
2007,Q1,Statewide,Mixed Hardwood Sawtimber,22.25,30.41,26.33
2007,Q2,Statewide,Mixed Hardwood Sawtimber,19.56,28.11,23.83
2007,Q3,Statewide,Mixed Hardwood Sawtimber,23.95,29.41,26.68
2007,Q4,Statewide,Mixed Hardwood Sawtimber,17.86,26.24,22.05
2008,Q1,Statewide,Mixed Hardwood Sawtimber,19.11,27.43,23.27
2008,Q2,Statewide,Mixed Hardwood Sawtimber,21.64,33.57,27.61
2008,Q3,Statewide,Mixed Hardwood Sawtimber,27.43,38.67,33.05
2008,Q4,Statewide,Mixed Hardwood Sawtimber,28.91,37.32,33.11
2009,Q1,Statewide,Mixed Hardwood Sawtimber,20.75,31.70,26.23
2009,Q2,Statewide,Mixed Hardwood Sawtimber,20.59,29.92,25.25
2009,Q3,Statewide,Mixed Hardwood Sawtimber,19.98,27.07,23.52
2009,Q4,Statewide,Mixed Hardwood Sawtimber,19.81,30.28,25.05
2010,Q1,Statewide,Mixed Hardwood Sawtimber,22.35,34.72,28.54
2010,Q2,Statewide,Mixed Hardwood Sawtimber,24.82,37.73,31.28
2010,Q3,Statewide,Mixed Hardwood Sawtimber,24.36,34.93,29.65
2010,Q4,Statewide,Mixed Hardwood Sawtimber,24.53,34.53,29.53
2011,Q1,Statewide,Mixed Hardwood Sawtimber,22.27,31.21,26.74
2011,Q2,Statewide,Mixed Hardwood Sawtimber,26.57,34.89,30.73
2011,Q3,Statewide,Mixed Hardwood Sawtimber,25.27,33.32,29.30
2011,Q4,Statewide,Mixed Hardwood Sawtimber,21.96,33.24,27.60
2012,Q1,Statewide,Mixed Hardwood Sawtimber,19.73,31.23,25.48
2012,Q2,Statewide,Mixed Hardwood Sawtimber,23.35,32.49,27.92
2012,Q3,Statewide,Mixed Hardwood Sawtimber,22.72,35.83,29.27
2012,Q4,Statewide,Mixed Hardwood Sawtimber,23.07,34.42,28.75
2013,Q1,Statewide,Mixed Hardwood Sawtimber,24.42,37.05,30.74
2013,Q2,Statewide,Mixed Hardwood Sawtimber,25.72,36.17,30.95
2013,Q2,Statewide,Mixed Hardwood Sawtimber,29.31,39.55,34.43
2013,Q4,Statewide,Mixed Hardwood Sawtimber,31.08,40.77,35.93
2014,Q1,Statewide,Mixed Hardwood Sawtimber,30.08,38.76,34.42
2014,Q2,Statewide,Mixed Hardwood Sawtimber,31.48,41.97,36.73
2014,Q3,Statewide,Mixed Hardwood Sawtimber,32.16,45.04,38.60
2014,Q4,Statewide,Mixed Hardwood Sawtimber,40.25,39.19,39.72
2015,Q1,Statewide,Mixed Hardwood Sawtimber,26.92,42.49,34.71
2015,Q2,Statewide,Mixed Hardwood Sawtimber,32.87,32.30,32.59
2015,Q3,Statewide,Mixed Hardwood Sawtimber,32.81,34.03,33.42
2015,Q4,Statewide,Mixed Hardwood Sawtimber,37.12,32.20,34.66
2016,Q1,Statewide,Mixed Hardwood Sawtimber,36.67,41.62,39.15
2016,Q2,Statewide,Mixed Hardwood Sawtimber,NA,NA,42.15
2016,Q3,Statewide,Mixed Hardwood Sawtimber,NA,NA,43.44
2016,Q4,Statewide,Mixed Hardwood Sawtimber,NA,NA,40.76
2017,Q1,Statewide,Mixed Hardwood Sawtimber,NA,NA,38.57
2017,Q2,Statewide,Mixed Hardwood Sawtimber,NA,NA,38.70
2017,Q3,Statewide,Mixed Hardwood Sawtimber,NA,NA,40.53
2017,Q4,Statewide,Mixed Hardwood Sawtimber,NA,NA,38.89
2018,Q1,Statewide,Mixed Hardwood Sawtimber,17.00,52.00,33.45
2018,Q2,Statewide,Mixed Hardwood Sawtimber,18.00,44.00,34.27
2018,Q3,Statewide,Mixed Hardwood Sawtimber,17.00,45.00,32.64
2018,Q4,Statewide,Mixed Hardwood Sawtimber,25.00,55.00,36.77
2019,Q1,Statewide,Mixed Hardwood Sawtimber,17.00,58.00,36.41
2019,Q2,Statewide,Mixed Hardwood Sawtimber,29.15,40.00,35.07
2019,Q3,Statewide,Mixed Hardwood Sawtimber,5.00,54.45,33.03
2019,Q4,Statewide,Mixed Hardwood Sawtimber,19.50,50.00,35.17
2020,Q1,Statewide,Mixed Hardwood Sawtimber,21.60,40.00,33.83
2020,Q2,Statewide,Mixed Hardwood Sawtimber,20.00,62.13,37.61
2020,Q3,Statewide,Mixed Hardwood Sawtimber,12.00,40.00,25.20
2020,Q4,Statewide,Mixed Hardwood Sawtimber,7.21,50.00,26.65
2021,Q1,Statewide,Mixed Hardwood Sawtimber,12.45,40.61,24.80
2021,Q2,Statewide,Mixed Hardwood Sawtimber,11.11,50.00,29.72
2021,Q3,Statewide,Mixed Hardwood Sawtimber,15.00,48.00,30.17
2021,Q4,Statewide,Mixed Hardwood Sawtimber,15.00,50.00,30.22
2022,Q1,Statewide,Mixed Hardwood Sawtimber,15.00,45.00,32.00
2022,Q2,Statewide,Mixed Hardwood Sawtimber,17.00,45.00,32.15
2022,Q3,Statewide,Mixed Hardwood Sawtimber,15.00,45.00,28.47
2022,Q4,Statewide,Mixed Hardwood Sawtimber,15.00,45.00,26.67
2023,Q1,Statewide,Mixed Hardwood Sawtimber,31.36,41.70,36.53
2023,Q2,Statewide,Mixed Hardwood Sawtimber,29.25,41.81,35.53
2023,Q3,Statewide,Mixed Hardwood Sawtimber,31.54,42.76,37.15
2023,Q4,Statewide,Mixed Hardwood Sawtimber,32.87,43.47,38.17
2024,Q1,Statewide,Mixed Hardwood Sawtimber,15.00,41.55,29.34
2024,Q2,Statewide,Mixed Hardwood Sawtimber,15.00,44.00,28.96
2024,Q3,Statewide,Mixed Hardwood Sawtimber,18.00,45.00,32.19
2024,Q4,Statewide,Mixed Hardwood Sawtimber,NA,NA,NA
1976,Q4,Statewide,Hardwood Pulpwood,0.63,1.87,1.25
1977,Q1,Statewide,Hardwood Pulpwood,0.61,1.72,1.09
1977,Q2,Statewide,Hardwood Pulpwood,0.86,1.97,1.38
1977,Q3,Statewide,Hardwood Pulpwood,0.86,1.97,1.38
1977,Q4,Statewide,Hardwood Pulpwood,0.86,1.80,1.30
1978,Q1,Statewide,Hardwood Pulpwood,0.86,1.72,1.27
1978,Q2,Statewide,Hardwood Pulpwood,0.86,1.72,1.29
1978,Q3,Statewide,Hardwood Pulpwood,0.86,1.72,1.29
1978,Q4,Statewide,Hardwood Pulpwood,0.86,1.72,1.29
1979,Q1,Statewide,Hardwood Pulpwood,0.86,1.72,1.29
1979,Q2,Statewide,Hardwood Pulpwood,0.86,1.72,1.29
1979,Q3,Statewide,Hardwood Pulpwood,0.86,1.72,1.29
1979,Q4,Statewide,Hardwood Pulpwood,0.86,1.72,1.29
1980,Q1,Statewide,Hardwood Pulpwood,0.86,1.72,1.29
1980,Q2,Statewide,Hardwood Pulpwood,0.86,1.72,1.29
1980,Q3,Statewide,Hardwood Pulpwood,0.86,1.72,1.29
1980,Q4,Statewide,Hardwood Pulpwood,0.86,1.72,1.29
1981,Q1,Statewide,Hardwood Pulpwood,0.86,1.72,1.29
1981,Q2,Statewide,Hardwood Pulpwood,0.86,1.72,1.29
1981,Q3,Statewide,Hardwood Pulpwood,0.86,1.72,1.29
1981,Q4,Statewide,Hardwood Pulpwood,0.86,1.72,1.29
1982,Q1,Statewide,Hardwood Pulpwood,0.86,1.72,1.29
1982,Q2,Statewide,Hardwood Pulpwood,0.86,1.72,1.29
1982,Q3,Statewide,Hardwood Pulpwood,0.86,1.72,1.29
1982,Q4,Statewide,Hardwood Pulpwood,0.86,1.72,1.29
1983,Q1,Statewide,Hardwood Pulpwood,0.86,1.72,1.29
1983,Q2,Statewide,Hardwood Pulpwood,1.01,1.90,1.38
1983,Q3,Statewide,Hardwood Pulpwood,0.95,1.90,1.38
1983,Q4,Statewide,Hardwood Pulpwood,0.95,1.90,1.38
1984,Q1,Statewide,Hardwood Pulpwood,0.95,1.90,1.38
1984,Q2,Statewide,Hardwood Pulpwood,1.29,1.98,1.72
1984,Q3,Statewide,Hardwood Pulpwood,1.29,1.98,1.72
1984,Q4,Statewide,Hardwood Pulpwood,1.26,1.93,1.64
1985,Q1,Statewide,Hardwood Pulpwood,1.21,1.81,1.47
1985,Q2,Statewide,Hardwood Pulpwood,1.09,1.67,1.35
1985,Q3,Statewide,Hardwood Pulpwood,0.86,1.38,1.12
1985,Q4,Statewide,Hardwood Pulpwood,0.86,1.38,1.12
1986,Q1,Statewide,Hardwood Pulpwood,0.86,1.38,1.12
1986,Q2,Statewide,Hardwood Pulpwood,0.75,1.38,1.06
1986,Q3,Statewide,Hardwood Pulpwood,0.66,1.03,0.86
1986,Q4,Statewide,Hardwood Pulpwood,0.67,1.33,0.85
1987,Q1,Statewide,Hardwood Pulpwood,1.41,2.06,1.70
1987,Q2,Statewide,Hardwood Pulpwood,1.03,1.83,1.31
1987,Q3,Statewide,Hardwood Pulpwood,1.17,1.91,1.47
1987,Q4,Statewide,Hardwood Pulpwood,1.45,2.26,1.84
1988,Q1,Statewide,Hardwood Pulpwood,1.38,2.41,1.89
1988,Q2,Statewide,Hardwood Pulpwood,1.38,2.07,1.55
1988,Q3,Statewide,Hardwood Pulpwood,1.38,2.07,1.72
1988,Q4,Statewide,Hardwood Pulpwood,1.38,2.41,1.88
1989,Q1,Statewide,Hardwood Pulpwood,1.72,3.10,2.29
1989,Q2,Statewide,Hardwood Pulpwood,1.72,3.10,2.53
1989,Q3,Statewide,Hardwood Pulpwood,2.07,4.14,3.10
1989,Q4,Statewide,Hardwood Pulpwood,2.07,3.79,2.99
1990,Q1,Statewide,Hardwood Pulpwood,1.72,3.10,2.24
1990,Q2,Statewide,Hardwood Pulpwood,2.07,3.45,2.70
1990,Q3,Statewide,Hardwood Pulpwood,2.07,3.79,2.82
1990,Q4,Statewide,Hardwood Pulpwood,1.72,2.76,2.30
1991,Q1,Statewide,Hardwood Pulpwood,1.72,2.76,2.13
1991,Q2,Statewide,Hardwood Pulpwood,2.07,2.76,2.36
1991,Q3,Statewide,Hardwood Pulpwood,2.41,2.76,2.64
1991,Q4,Statewide,Hardwood Pulpwood,2.07,3.45,2.76
1992,Q1,Statewide,Hardwood Pulpwood,1.90,2.24,2.07
1992,Q2,Statewide,Hardwood Pulpwood,2.13,3.16,2.64
1992,Q3,Statewide,Hardwood Pulpwood,2.94,3.34,3.14
1992,Q4,Statewide,Hardwood Pulpwood,2.55,4.24,3.40
1993,Q1,Statewide,Hardwood Pulpwood,3.10,4.74,3.92
1993,Q2,Statewide,Hardwood Pulpwood,3.30,5.55,4.42
1993,Q3,Statewide,Hardwood Pulpwood,3.28,3.79,3.53
1993,Q4,Statewide,Hardwood Pulpwood,4.07,5.24,4.66
1994,Q1,Statewide,Hardwood Pulpwood,3.79,5.40,4.60
1994,Q2,Statewide,Hardwood Pulpwood,3.47,4.53,4.00
1994,Q3,Statewide,Hardwood Pulpwood,2.99,4.40,3.69
1994,Q4,Statewide,Hardwood Pulpwood,4.11,6.21,5.16
1995,Q1,Statewide,Hardwood Pulpwood,4.31,5.52,4.91
1995,Q2,Statewide,Hardwood Pulpwood,5.14,5.82,5.48
1995,Q3,Statewide,Hardwood Pulpwood,4.57,5.49,5.03
1995,Q4,Statewide,Hardwood Pulpwood,4.39,6.67,5.53
1996,Q1,Statewide,Hardwood Pulpwood,4.77,7.28,6.03
1996,Q2,Statewide,Hardwood Pulpwood,3.32,5.66,4.49
1996,Q3,Statewide,Hardwood Pulpwood,3.56,7.10,5.33
1996,Q4,Statewide,Hardwood Pulpwood,3.92,6.28,5.10
1997,Q1,Statewide,Hardwood Pulpwood,5.04,7.72,6.38
1997,Q2,Statewide,Hardwood Pulpwood,4.67,8.54,6.61
1997,Q3,Statewide,Hardwood Pulpwood,4.61,6.76,5.68
1997,Q4,Statewide,Hardwood Pulpwood,5.82,9.53,7.68
1998,Q1,Statewide,Hardwood Pulpwood,6.90,11.75,9.32
1998,Q2,Statewide,Hardwood Pulpwood,4.32,6.91,5.61
1998,Q3,Statewide,Hardwood Pulpwood,3.53,6.41,4.97
1998,Q4,Statewide,Hardwood Pulpwood,3.82,6.59,5.21
1999,Q1,Statewide,Hardwood Pulpwood,3.03,6.15,4.59
1999,Q2,Statewide,Hardwood Pulpwood,2.69,4.57,3.63
1999,Q3,Statewide,Hardwood Pulpwood,3.20,5.65,4.43
1999,Q4,Statewide,Hardwood Pulpwood,3.19,5.48,4.33
2000,Q1,Statewide,Hardwood Pulpwood,2.73,5.24,3.99
2000,Q2,Statewide,Hardwood Pulpwood,3.13,4.62,3.88
2000,Q3,Statewide,Hardwood Pulpwood,2.77,5.14,3.96
2000,Q4,Statewide,Hardwood Pulpwood,3.09,4.71,3.90
2001,Q1,Statewide,Hardwood Pulpwood,3.50,5.96,4.72
2001,Q2,Statewide,Hardwood Pulpwood,4.63,6.53,5.58
2001,Q3,Statewide,Hardwood Pulpwood,3.81,6.33,5.08
2001,Q4,Statewide,Hardwood Pulpwood,3.97,6.29,5.13
2002,Q1,Statewide,Hardwood Pulpwood,4.31,6.70,5.51
2002,Q2,Statewide,Hardwood Pulpwood,2.94,4.77,3.86
2002,Q3,Statewide,Hardwood Pulpwood,2.83,5.07,3.95
2002,Q4,Statewide,Hardwood Pulpwood,3.92,7.34,5.63
2003,Q1,Statewide,Hardwood Pulpwood,5.72,9.69,7.70
2003,Q2,Statewide,Hardwood Pulpwood,5.86,8.14,7.00
2003,Q3,Statewide,Hardwood Pulpwood,6.86,12.25,9.55
2003,Q4,Statewide,Hardwood Pulpwood,6.27,10.77,8.52
2004,Q1,Statewide,Hardwood Pulpwood,5.11,8.81,6.96
2004,Q2,Statewide,Hardwood Pulpwood,3.09,5.56,4.32
2004,Q3,Statewide,Hardwood Pulpwood,4.24,8.32,6.28
2004,Q4,Statewide,Hardwood Pulpwood,4.31,7.57,5.94
2005,Q1,Statewide,Hardwood Pulpwood,4.91,7.81,6.36
2005,Q2,Statewide,Hardwood Pulpwood,6.33,10.70,8.52
2005,Q3,Statewide,Hardwood Pulpwood,5.81,8.46,7.14
2005,Q4,Statewide,Hardwood Pulpwood,4.77,7.31,6.04
2006,Q1,Statewide,Hardwood Pulpwood,4.66,9.05,6.85
2006,Q2,Statewide,Hardwood Pulpwood,3.89,7.04,5.46
2006,Q3,Statewide,Hardwood Pulpwood,3.11,5.62,4.36
2006,Q4,Statewide,Hardwood Pulpwood,3.70,6.14,4.92
2007,Q1,Statewide,Hardwood Pulpwood,4.84,7.81,6.32
2007,Q2,Statewide,Hardwood Pulpwood,3.91,6.73,5.32
2007,Q3,Statewide,Hardwood Pulpwood,3.47,6.66,5.06
2007,Q4,Statewide,Hardwood Pulpwood,4.00,6.95,5.47
2008,Q1,Statewide,Hardwood Pulpwood,4.63,7.95,6.29
2008,Q2,Statewide,Hardwood Pulpwood,4.73,8.81,6.77
2008,Q3,Statewide,Hardwood Pulpwood,5.09,9.03,7.06
2008,Q4,Statewide,Hardwood Pulpwood,7.02,12.75,9.88
2009,Q1,Statewide,Hardwood Pulpwood,7.07,15.05,11.06
2009,Q2,Statewide,Hardwood Pulpwood,5.75,9.08,7.41
2009,Q3,Statewide,Hardwood Pulpwood,6.58,10.21,8.39
2009,Q4,Statewide,Hardwood Pulpwood,7.55,14.52,11.04
2010,Q1,Statewide,Hardwood Pulpwood,12.19,23.96,18.07
2010,Q2,Statewide,Hardwood Pulpwood,7.98,20.19,14.08
2010,Q3,Statewide,Hardwood Pulpwood,4.73,7.76,6.25
2010,Q4,Statewide,Hardwood Pulpwood,5.18,8.24,6.71
2011,Q1,Statewide,Hardwood Pulpwood,4.44,7.86,6.15
2011,Q2,Statewide,Hardwood Pulpwood,4.62,8.76,6.69
2011,Q3,Statewide,Hardwood Pulpwood,3.90,6.57,5.24
2011,Q4,Statewide,Hardwood Pulpwood,3.90,8.43,6.16
2012,Q1,Statewide,Hardwood Pulpwood,4.69,9.49,7.09
2012,Q2,Statewide,Hardwood Pulpwood,5.66,12.16,8.91
2012,Q3,Statewide,Hardwood Pulpwood,6.41,11.66,9.04
2012,Q4,Statewide,Hardwood Pulpwood,7.36,14.08,10.73
2013,Q1,Statewide,Hardwood Pulpwood,7.13,14.62,10.88
2013,Q2,Statewide,Hardwood Pulpwood,7.73,14.78,11.25
2013,Q3,Statewide,Hardwood Pulpwood,8.56,14.97,11.77
2013,Q4,Statewide,Hardwood Pulpwood,8.04,14.04,11.04
2014,Q1,Statewide,Hardwood Pulpwood,7.41,13.52,10.47
2014,Q2,Statewide,Hardwood Pulpwood,7.29,14.29,10.79
2014,Q3,Statewide,Hardwood Pulpwood,8.21,13.92,11.07
2014,Q4,Statewide,Hardwood Pulpwood,11.64,11.25,11.45
2015,Q1,Statewide,Hardwood Pulpwood,7.67,14.40,11.04
2015,Q2,Statewide,Hardwood Pulpwood,8.39,9.16,8.78
2015,Q3,Statewide,Hardwood Pulpwood,7.92,9.57,8.75
2015,Q4,Statewide,Hardwood Pulpwood,8.04,10.31,9.18
2016,Q1,Statewide,Hardwood Pulpwood,8.54,10.65,9.60
2016,Q2,Statewide,Hardwood Pulpwood,NA,NA,9.51
2016,Q3,Statewide,Hardwood Pulpwood,NA,NA,6.95
2016,Q4,Statewide,Hardwood Pulpwood,NA,NA,7.43
2017,Q1,Statewide,Hardwood Pulpwood,NA,NA,6.78
2017,Q2,Statewide,Hardwood Pulpwood,NA,NA,6.70
2017,Q3,Statewide,Hardwood Pulpwood,NA,NA,6.72
2017,Q4,Statewide,Hardwood Pulpwood,NA,NA,7.07
2018,Q1,Statewide,Hardwood Pulpwood,1.50,15.00,8.21
2018,Q2,Statewide,Hardwood Pulpwood,1.75,15.00,7.66
2018,Q3,Statewide,Hardwood Pulpwood,3.00,15.00,8.10
2018,Q4,Statewide,Hardwood Pulpwood,3.08,17.00,8.23
2019,Q1,Statewide,Hardwood Pulpwood,4.00,22.17,10.90
2019,Q2,Statewide,Hardwood Pulpwood,2.00,15.00,8.45
2019,Q3,Statewide,Hardwood Pulpwood,1.00,13.00,6.24
2019,Q4,Statewide,Hardwood Pulpwood,2.02,15.00,7.30
2020,Q1,Statewide,Hardwood Pulpwood,1.00,11.00,6.67
2020,Q2,Statewide,Hardwood Pulpwood,1.00,14.00,5.88
2020,Q3,Statewide,Hardwood Pulpwood,1.00,8.00,3.87
2020,Q4,Statewide,Hardwood Pulpwood,0.35,14.00,5.34
2021,Q1,Statewide,Hardwood Pulpwood,1.00,8.50,4.54
2021,Q2,Statewide,Hardwood Pulpwood,1.00,13.00,5.37
2021,Q3,Statewide,Hardwood Pulpwood,2.00,14.06,6.55
2021,Q4,Statewide,Hardwood Pulpwood,1.00,20.00,8.03
2022,Q1,Statewide,Hardwood Pulpwood,2.00,30.00,10.92
2022,Q2,Statewide,Hardwood Pulpwood,2.00,11.00,5.95
2022,Q3,Statewide,Hardwood Pulpwood,1.00,12.00,5.17
2022,Q4,Statewide,Hardwood Pulpwood,2.00,8.50,5.02
2023,Q1,Statewide,Hardwood Pulpwood,4.79,14.05,9.42
2023,Q2,Statewide,Hardwood Pulpwood,5.89,15.69,10.80
2023,Q3,Statewide,Hardwood Pulpwood,6.59,15.08,10.84
2023,Q4,Statewide,Hardwood Pulpwood,6.60,14.36,10.49
2024,Q1,Statewide,Hardwood Pulpwood,1.00,11.31,3.99
2024,Q2,Statewide,Hardwood Pulpwood,1.00,15.00,4.17
2024,Q3,Statewide,Hardwood Pulpwood,0.50,15.00,4.21
2024,Q4,Statewide,Hardwood Pulpwood,NA,NA,NA
